"","giorni_settimana"
"1","dom"
"2","lun"
"3","mar"
"4","merc"
"5","giov"
"6","ven"
"7","sab"
"8","dom"
"9","lun"
"10","mar"
"11","merc"
"12","giov"
"13","ven"
"14","sab"
"15","dom"
"16","lun"
"17","mar"
"18","merc"
"19","giov"
"20","ven"
"21","sab"
"22","dom"
"23","lun"
"24","mar"
"25","merc"
"26","giov"
"27","ven"
"28","sab"
"29","dom"
"30","lun"
"31","mar"
"32","merc"
"33","giov"
"34","ven"
"35","sab"
"36","dom"
"37","lun"
"38","mar"
"39","merc"
"40","giov"
"41","ven"
"42","sab"
"43","dom"
"44","lun"
"45","mar"
"46","merc"
"47","giov"
"48","ven"
"49","sab"
"50","dom"
"51","lun"
"52","mar"
"53","merc"
"54","giov"
"55","ven"
"56","sab"
"57","dom"
"58","lun"
"59","mar"
"60","giov"
"61","dom"
"62","lun"
"63","mar"
"64","merc"
"65","giov"
"66","ven"
"67","sab"
"68","dom"
"69","lun"
"70","mar"
"71","merc"
"72","giov"
"73","ven"
"74","sab"
"75","dom"
"76","lun"
"77","mar"
"78","merc"
"79","giov"
"80","ven"
"81","sab"
"82","dom"
"83","lun"
"84","mar"
"85","merc"
"86","giov"
"87","ven"
"88","sab"
"89","dom"
"90","lun"
"91","mar"
"92","merc"
"93","giov"
"94","ven"
"95","sab"
"96","dom"
"97","lun"
"98","mar"
"99","merc"
"100","giov"
"101","ven"
"102","sab"
"103","dom"
"104","lun"
"105","mar"
"106","merc"
"107","giov"
"108","ven"
"109","sab"
"110","dom"
"111","lun"
"112","mar"
"113","merc"
"114","giov"
"115","ven"
"116","sab"
"117","dom"
"118","lun"
"119","mar"
"120","merc"
"121","giov"
"122","ven"
"123","sab"
"124","dom"
"125","lun"
"126","mar"
"127","merc"
"128","giov"
"129","ven"
"130","sab"
"131","dom"
"132","lun"
"133","mar"
"134","merc"
"135","giov"
"136","ven"
"137","sab"
"138","dom"
"139","lun"
"140","mar"
"141","merc"
"142","giov"
"143","ven"
"144","sab"
"145","dom"
"146","lun"
"147","mar"
"148","merc"
"149","giov"
"150","ven"
"151","sab"
"152","dom"
"153","lun"
"154","mar"
"155","merc"
"156","giov"
"157","ven"
"158","sab"
"159","dom"
"160","lun"
"161","mar"
"162","merc"
"163","giov"
"164","ven"
"165","sab"
"166","dom"
"167","lun"
"168","mar"
"169","merc"
"170","giov"
"171","ven"
"172","sab"
"173","dom"
"174","lun"
"175","mar"
"176","merc"
"177","giov"
"178","ven"
"179","sab"
"180","dom"
"181","lun"
"182","mar"
"183","merc"
"184","giov"
"185","ven"
"186","sab"
"187","dom"
"188","lun"
"189","mar"
"190","merc"
"191","giov"
"192","ven"
"193","sab"
"194","dom"
"195","lun"
"196","mar"
"197","merc"
"198","giov"
"199","ven"
"200","sab"
"201","dom"
"202","lun"
"203","mar"
"204","merc"
"205","giov"
"206","ven"
"207","sab"
"208","dom"
"209","lun"
"210","mar"
"211","merc"
"212","giov"
"213","ven"
"214","sab"
"215","dom"
"216","lun"
"217","mar"
"218","merc"
"219","giov"
"220","ven"
"221","sab"
"222","dom"
"223","lun"
"224","mar"
"225","merc"
"226","giov"
"227","ven"
"228","sab"
"229","dom"
"230","lun"
"231","mar"
"232","merc"
"233","giov"
"234","ven"
"235","sab"
"236","dom"
"237","lun"
"238","mar"
"239","merc"
"240","giov"
"241","ven"
"242","sab"
"243","dom"
"244","lun"
"245","mar"
"246","merc"
"247","giov"
"248","ven"
"249","sab"
"250","dom"
"251","lun"
"252","mar"
"253","merc"
"254","giov"
"255","ven"
"256","sab"
"257","dom"
"258","lun"
"259","mar"
"260","merc"
"261","giov"
"262","ven"
"263","sab"
"264","dom"
"265","lun"
"266","mar"
"267","merc"
"268","giov"
"269","ven"
"270","sab"
"271","dom"
"272","lun"
"273","mar"
"274","merc"
"275","giov"
"276","ven"
"277","sab"
"278","dom"
"279","lun"
"280","mar"
"281","merc"
"282","giov"
"283","ven"
"284","sab"
"285","dom"
"286","lun"
"287","mar"
"288","merc"
"289","giov"
"290","ven"
"291","sab"
"292","dom"
"293","lun"
"294","mar"
"295","merc"
"296","giov"
"297","ven"
"298","sab"
"299","dom"
"300","lun"
"301","mar"
"302","merc"
"303","giov"
"304","ven"
"305","sab"
"306","dom"
"307","lun"
"308","mar"
"309","merc"
"310","giov"
"311","ven"
"312","sab"
"313","dom"
"314","lun"
"315","mar"
"316","merc"
"317","giov"
"318","ven"
"319","sab"
"320","dom"
"321","lun"
"322","mar"
"323","merc"
"324","giov"
"325","ven"
"326","sab"
"327","dom"
"328","lun"
"329","mar"
"330","merc"
"331","giov"
"332","ven"
"333","sab"
"334","dom"
"335","lun"
"336","mar"
"337","merc"
"338","giov"
"339","ven"
"340","sab"
"341","dom"
"342","lun"
"343","mar"
"344","merc"
"345","giov"
"346","ven"
"347","sab"
"348","dom"
"349","lun"
"350","mar"
"351","merc"
"352","giov"
"353","ven"
"354","sab"
"355","dom"
"356","lun"
"357","mar"
"358","merc"
"359","giov"
"360","ven"
"361","sab"
"362","dom"
"363","lun"
"364","mar"
"365","merc"
"366","giov"
"367","ven"
"368","sab"
"369","dom"
"370","lun"
"371","mar"
"372","merc"
"373","giov"
"374","ven"
"375","sab"
"376","dom"
"377","lun"
"378","mar"
"379","merc"
"380","giov"
"381","ven"
"382","sab"
"383","dom"
"384","lun"
"385","mar"
"386","merc"
"387","giov"
"388","ven"
"389","sab"
"390","dom"
"391","lun"
"392","mar"
"393","merc"
"394","giov"
"395","ven"
"396","sab"
"397","dom"
"398","lun"
"399","mar"
"400","merc"
"401","giov"
"402","ven"
"403","sab"
"404","dom"
"405","lun"
"406","mar"
"407","merc"
"408","giov"
"409","ven"
"410","sab"
"411","dom"
"412","lun"
"413","mar"
"414","merc"
"415","giov"
"416","ven"
"417","sab"
"418","dom"
"419","lun"
"420","mar"
"421","merc"
"422","giov"
"423","ven"
"424","sab"
"425","dom"
"426","lun"
"427","mar"
"428","merc"
"429","giov"
"430","ven"
"431","sab"
"432","dom"
"433","lun"
"434","mar"
"435","merc"
"436","giov"
"437","ven"
"438","sab"
"439","dom"
"440","lun"
"441","mar"
"442","merc"
"443","giov"
"444","ven"
"445","sab"
"446","dom"
"447","lun"
"448","mar"
"449","merc"
"450","giov"
"451","ven"
"452","sab"
"453","dom"
"454","lun"
"455","mar"
"456","merc"
"457","giov"
"458","ven"
"459","sab"
"460","dom"
"461","lun"
"462","mar"
"463","merc"
"464","giov"
"465","ven"
"466","sab"
"467","dom"
"468","lun"
"469","mar"
"470","merc"
"471","giov"
"472","ven"
"473","sab"
"474","dom"
"475","lun"
"476","mar"
"477","merc"
"478","giov"
"479","ven"
"480","sab"
"481","dom"
"482","lun"
"483","mar"
"484","merc"
"485","giov"
"486","ven"
"487","sab"
"488","dom"
"489","lun"
"490","mar"
"491","merc"
"492","giov"
"493","ven"
"494","sab"
"495","dom"
"496","lun"
"497","mar"
"498","merc"
"499","giov"
"500","ven"
"501","sab"
"502","dom"
"503","lun"
"504","mar"
"505","merc"
"506","giov"
"507","ven"
"508","sab"
"509","dom"
"510","lun"
"511","mar"
"512","merc"
"513","giov"
"514","ven"
"515","sab"
"516","dom"
"517","lun"
"518","mar"
"519","merc"
"520","giov"
"521","ven"
"522","sab"
"523","dom"
"524","lun"
"525","mar"
"526","merc"
"527","giov"
"528","ven"
"529","sab"
"530","dom"
"531","lun"
"532","mar"
"533","merc"
"534","giov"
"535","ven"
"536","sab"
"537","dom"
"538","lun"
"539","mar"
"540","merc"
"541","giov"
"542","ven"
"543","sab"
"544","dom"
"545","lun"
"546","mar"
"547","merc"
"548","giov"
"549","ven"
"550","sab"
"551","dom"
"552","lun"
"553","mar"
"554","merc"
"555","giov"
"556","ven"
"557","sab"
"558","dom"
"559","lun"
"560","mar"
"561","merc"
"562","giov"
"563","ven"
"564","sab"
"565","dom"
"566","lun"
"567","mar"
"568","merc"
"569","giov"
"570","ven"
"571","sab"
"572","dom"
"573","lun"
"574","mar"
"575","merc"
"576","giov"
"577","ven"
"578","sab"
"579","dom"
"580","lun"
"581","mar"
"582","merc"
"583","giov"
"584","ven"
"585","sab"
"586","dom"
"587","lun"
"588","mar"
"589","merc"
"590","giov"
"591","ven"
"592","sab"
"593","dom"
"594","lun"
"595","mar"
"596","merc"
"597","giov"
"598","ven"
"599","sab"
"600","dom"
"601","lun"
"602","mar"
"603","merc"
"604","giov"
"605","ven"
"606","sab"
"607","dom"
"608","lun"
"609","mar"
"610","merc"
"611","giov"
"612","ven"
"613","sab"
"614","dom"
"615","lun"
"616","mar"
"617","merc"
"618","giov"
"619","ven"
"620","sab"
"621","dom"
"622","lun"
"623","mar"
"624","merc"
"625","giov"
"626","ven"
"627","sab"
"628","dom"
"629","lun"
"630","mar"
"631","merc"
"632","giov"
"633","ven"
"634","sab"
"635","dom"
"636","lun"
"637","mar"
"638","merc"
"639","giov"
"640","ven"
"641","sab"
"642","dom"
"643","lun"
"644","mar"
"645","merc"
"646","giov"
"647","ven"
"648","sab"
"649","dom"
"650","lun"
"651","mar"
"652","merc"
"653","giov"
"654","ven"
"655","sab"
"656","dom"
"657","lun"
"658","mar"
"659","merc"
"660","giov"
"661","ven"
"662","sab"
"663","dom"
"664","lun"
"665","mar"
"666","merc"
"667","giov"
"668","ven"
"669","sab"
"670","dom"
"671","lun"
"672","mar"
"673","merc"
"674","giov"
"675","ven"
"676","sab"
"677","dom"
"678","lun"
"679","mar"
"680","merc"
"681","giov"
"682","ven"
"683","sab"
"684","dom"
"685","lun"
"686","mar"
"687","merc"
"688","giov"
"689","ven"
"690","sab"
"691","dom"
"692","lun"
"693","mar"
"694","merc"
"695","giov"
"696","ven"
"697","sab"
"698","dom"
"699","lun"
"700","mar"
"701","merc"
"702","giov"
"703","ven"
"704","sab"
"705","dom"
"706","lun"
"707","mar"
"708","merc"
"709","giov"
"710","ven"
"711","sab"
"712","dom"
"713","lun"
"714","mar"
"715","merc"
"716","giov"
"717","ven"
"718","sab"
"719","dom"
"720","lun"
"721","mar"
"722","merc"
"723","giov"
"724","ven"
"725","sab"
"726","dom"
"727","lun"
"728","mar"
"729","merc"
"730","giov"
"731","ven"
"732","sab"
"733","dom"
"734","lun"
"735","mar"
"736","merc"
"737","giov"
"738","ven"
"739","sab"
"740","dom"
"741","lun"
"742","mar"
"743","merc"
"744","giov"
"745","ven"
"746","sab"
"747","dom"
"748","lun"
"749","mar"
"750","merc"
"751","giov"
"752","ven"
"753","sab"
"754","dom"
"755","lun"
"756","mar"
"757","merc"
"758","giov"
"759","ven"
"760","sab"
"761","dom"
"762","lun"
"763","mar"
"764","merc"
"765","giov"
"766","ven"
"767","sab"
"768","dom"
"769","lun"
"770","mar"
"771","merc"
"772","giov"
"773","ven"
"774","sab"
"775","dom"
"776","lun"
"777","mar"
"778","merc"
"779","giov"
"780","ven"
"781","sab"
"782","dom"
"783","lun"
"784","mar"
"785","merc"
"786","giov"
"787","ven"
"788","sab"
"789","dom"
"790","lun"
"791","mar"
"792","merc"
"793","giov"
"794","ven"
"795","sab"
"796","dom"
"797","lun"
"798","mar"
"799","merc"
"800","giov"
"801","ven"
"802","sab"
"803","dom"
"804","lun"
"805","mar"
"806","merc"
"807","giov"
"808","ven"
"809","sab"
"810","dom"
"811","lun"
"812","mar"
"813","merc"
"814","giov"
"815","ven"
"816","sab"
"817","dom"
"818","lun"
"819","mar"
"820","merc"
"821","giov"
"822","ven"
"823","sab"
"824","dom"
"825","lun"
"826","mar"
"827","merc"
"828","giov"
"829","ven"
"830","sab"
"831","dom"
"832","lun"
"833","mar"
"834","merc"
"835","giov"
"836","ven"
"837","sab"
"838","dom"
"839","lun"
"840","mar"
"841","merc"
"842","giov"
"843","ven"
"844","sab"
"845","dom"
"846","lun"
"847","mar"
"848","merc"
"849","giov"
"850","ven"
"851","sab"
"852","dom"
"853","lun"
"854","mar"
"855","merc"
"856","giov"
"857","ven"
"858","sab"
"859","dom"
"860","lun"
"861","mar"
"862","merc"
"863","giov"
"864","ven"
"865","sab"
"866","dom"
"867","lun"
"868","mar"
"869","merc"
"870","giov"
"871","ven"
"872","sab"
"873","dom"
"874","lun"
"875","mar"
"876","merc"
"877","giov"
"878","ven"
"879","sab"
"880","dom"
"881","lun"
"882","mar"
"883","merc"
"884","giov"
"885","ven"
"886","sab"
"887","dom"
"888","lun"
"889","mar"
"890","merc"
"891","giov"
"892","ven"
"893","sab"
"894","dom"
"895","lun"
"896","mar"
"897","merc"
"898","giov"
"899","ven"
"900","sab"
"901","dom"
"902","lun"
"903","mar"
"904","merc"
"905","giov"
"906","ven"
"907","sab"
"908","dom"
"909","lun"
"910","mar"
"911","merc"
"912","giov"
"913","ven"
"914","sab"
"915","dom"
"916","lun"
"917","mar"
"918","merc"
"919","giov"
"920","ven"
"921","sab"
"922","dom"
"923","lun"
"924","mar"
"925","merc"
"926","giov"
"927","ven"
"928","sab"
"929","dom"
"930","lun"
"931","mar"
"932","merc"
"933","giov"
"934","ven"
"935","sab"
"936","dom"
"937","lun"
"938","mar"
"939","merc"
"940","giov"
"941","ven"
"942","sab"
"943","dom"
"944","lun"
"945","mar"
"946","merc"
"947","giov"
"948","ven"
"949","sab"
"950","dom"
"951","lun"
"952","mar"
"953","merc"
"954","giov"
"955","ven"
"956","sab"
"957","dom"
"958","lun"
"959","mar"
"960","merc"
"961","giov"
"962","ven"
"963","sab"
"964","dom"
"965","lun"
"966","mar"
"967","merc"
"968","giov"
"969","ven"
"970","sab"
"971","dom"
"972","lun"
"973","mar"
"974","merc"
"975","giov"
"976","ven"
"977","sab"
"978","dom"
"979","lun"
"980","mar"
"981","merc"
"982","giov"
"983","ven"
"984","sab"
"985","dom"
"986","lun"
"987","mar"
"988","merc"
"989","giov"
"990","ven"
"991","sab"
"992","dom"
"993","lun"
"994","mar"
"995","merc"
"996","giov"
"997","ven"
"998","sab"
"999","dom"
"1000","lun"
"1001","mar"
"1002","merc"
"1003","giov"
"1004","ven"
"1005","sab"
"1006","dom"
"1007","lun"
"1008","mar"
"1009","merc"
"1010","giov"
"1011","ven"
"1012","sab"
"1013","dom"
"1014","lun"
"1015","mar"
"1016","merc"
"1017","giov"
"1018","ven"
"1019","sab"
"1020","dom"
"1021","lun"
"1022","mar"
"1023","merc"
"1024","giov"
"1025","ven"
"1026","sab"
"1027","dom"
"1028","lun"
"1029","mar"
"1030","merc"
"1031","giov"
"1032","ven"
"1033","sab"
"1034","dom"
"1035","lun"
"1036","mar"
"1037","merc"
"1038","giov"
"1039","ven"
"1040","sab"
"1041","dom"
"1042","lun"
"1043","mar"
"1044","merc"
"1045","giov"
"1046","ven"
"1047","sab"
"1048","dom"
"1049","lun"
"1050","mar"
"1051","merc"
"1052","giov"
"1053","ven"
"1054","sab"
"1055","dom"
"1056","lun"
"1057","mar"
"1058","merc"
"1059","giov"
"1060","ven"
"1061","sab"
"1062","dom"
"1063","lun"
"1064","mar"
"1065","merc"
"1066","giov"
"1067","ven"
"1068","sab"
"1069","dom"
"1070","lun"
"1071","mar"
"1072","merc"
"1073","giov"
"1074","ven"
"1075","sab"
"1076","dom"
"1077","lun"
"1078","mar"
"1079","merc"
"1080","giov"
"1081","ven"
"1082","sab"
"1083","dom"
"1084","lun"
"1085","mar"
"1086","merc"
"1087","giov"
"1088","ven"
"1089","sab"
"1090","dom"
"1091","lun"
"1092","mar"
"1093","merc"
"1094","giov"
"1095","ven"
"1096","sab"
"1097","dom"
"1098","lun"
"1099","mar"
"1100","merc"
"1101","giov"
"1102","ven"
"1103","sab"
"1104","dom"
"1105","lun"
"1106","mar"
"1107","merc"
"1108","giov"
"1109","ven"
"1110","sab"
"1111","dom"
"1112","lun"
"1113","mar"
"1114","merc"
"1115","giov"
"1116","ven"
"1117","sab"
"1118","dom"
"1119","lun"
"1120","mar"
"1121","merc"
"1122","giov"
"1123","ven"
"1124","sab"
"1125","dom"
"1126","lun"
"1127","mar"
"1128","merc"
"1129","giov"
"1130","ven"
"1131","sab"
"1132","dom"
"1133","lun"
"1134","mar"
"1135","merc"
"1136","giov"
"1137","ven"
"1138","sab"
"1139","dom"
"1140","lun"
"1141","mar"
"1142","merc"
"1143","giov"
"1144","ven"
"1145","sab"
"1146","dom"
"1147","lun"
"1148","mar"
"1149","merc"
"1150","giov"
"1151","ven"
"1152","sab"
"1153","dom"
"1154","lun"
"1155","mar"
"1156","merc"
"1157","giov"
"1158","ven"
"1159","sab"
"1160","dom"
"1161","lun"
"1162","mar"
"1163","merc"
"1164","giov"
"1165","ven"
"1166","sab"
"1167","dom"
"1168","lun"
"1169","mar"
"1170","merc"
"1171","giov"
"1172","ven"
"1173","sab"
"1174","dom"
"1175","lun"
"1176","mar"
"1177","merc"
"1178","giov"
"1179","ven"
"1180","sab"
"1181","dom"
"1182","lun"
"1183","mar"
"1184","merc"
"1185","giov"
"1186","ven"
"1187","sab"
"1188","dom"
"1189","lun"
"1190","mar"
"1191","merc"
"1192","giov"
"1193","ven"
"1194","sab"
"1195","dom"
"1196","lun"
"1197","mar"
"1198","merc"
"1199","giov"
"1200","ven"
"1201","sab"
"1202","dom"
"1203","lun"
"1204","mar"
"1205","merc"
"1206","giov"
"1207","ven"
"1208","sab"
"1209","dom"
"1210","lun"
"1211","mar"
"1212","merc"
"1213","giov"
"1214","ven"
"1215","sab"
"1216","dom"
"1217","lun"
"1218","mar"
"1219","merc"
"1220","giov"
"1221","ven"
"1222","sab"
"1223","dom"
"1224","lun"
"1225","mar"
"1226","merc"
"1227","giov"
"1228","ven"
"1229","sab"
"1230","dom"
"1231","lun"
"1232","mar"
"1233","merc"
"1234","giov"
"1235","ven"
"1236","sab"
"1237","dom"
"1238","lun"
"1239","mar"
"1240","merc"
"1241","giov"
"1242","ven"
"1243","sab"
"1244","dom"
"1245","lun"
"1246","mar"
"1247","merc"
"1248","giov"
"1249","ven"
"1250","sab"
"1251","dom"
"1252","lun"
"1253","mar"
"1254","merc"
"1255","giov"
"1256","ven"
"1257","sab"
"1258","dom"
"1259","lun"
"1260","mar"
"1261","merc"
"1262","giov"
"1263","ven"
"1264","sab"
"1265","dom"
"1266","lun"
"1267","mar"
"1268","merc"
"1269","giov"
"1270","ven"
"1271","sab"
"1272","dom"
"1273","lun"
"1274","mar"
"1275","merc"
"1276","giov"
"1277","ven"
"1278","sab"
"1279","dom"
"1280","lun"
"1281","mar"
"1282","merc"
"1283","giov"
"1284","ven"
"1285","sab"
"1286","dom"
"1287","lun"
"1288","mar"
"1289","merc"
"1290","giov"
"1291","ven"
"1292","sab"
"1293","dom"
"1294","lun"
"1295","mar"
"1296","merc"
"1297","giov"
"1298","ven"
"1299","sab"
"1300","dom"
"1301","lun"
"1302","mar"
"1303","merc"
"1304","giov"
"1305","ven"
"1306","sab"
"1307","dom"
"1308","lun"
"1309","mar"
"1310","merc"
"1311","giov"
"1312","ven"
"1313","sab"
"1314","dom"
"1315","lun"
"1316","mar"
"1317","merc"
"1318","giov"
"1319","ven"
"1320","sab"
"1321","dom"
"1322","lun"
"1323","mar"
"1324","merc"
"1325","giov"
"1326","ven"
"1327","sab"
"1328","dom"
"1329","lun"
"1330","mar"
"1331","merc"
"1332","giov"
"1333","ven"
"1334","sab"
"1335","dom"
"1336","lun"
"1337","mar"
"1338","merc"
"1339","giov"
"1340","ven"
"1341","sab"
"1342","dom"
"1343","lun"
"1344","mar"
"1345","merc"
"1346","giov"
"1347","ven"
"1348","sab"
"1349","dom"
"1350","lun"
"1351","mar"
"1352","merc"
"1353","giov"
"1354","ven"
"1355","sab"
"1356","dom"
"1357","lun"
"1358","mar"
"1359","merc"
"1360","giov"
"1361","ven"
"1362","sab"
"1363","dom"
"1364","lun"
"1365","mar"
"1366","merc"
"1367","giov"
"1368","ven"
"1369","sab"
"1370","dom"
"1371","lun"
"1372","mar"
"1373","merc"
"1374","giov"
"1375","ven"
"1376","sab"
"1377","dom"
"1378","lun"
"1379","mar"
"1380","merc"
"1381","giov"
"1382","ven"
"1383","sab"
"1384","dom"
"1385","lun"
"1386","mar"
"1387","merc"
"1388","giov"
"1389","ven"
"1390","sab"
"1391","dom"
"1392","lun"
"1393","mar"
"1394","merc"
"1395","giov"
"1396","ven"
"1397","sab"
"1398","dom"
"1399","lun"
"1400","mar"
"1401","merc"
"1402","giov"
"1403","ven"
"1404","sab"
"1405","dom"
"1406","lun"
"1407","mar"
"1408","merc"
"1409","giov"
"1410","ven"
"1411","sab"
"1412","dom"
"1413","lun"
"1414","mar"
"1415","merc"
"1416","giov"
"1417","ven"
"1418","sab"
"1419","dom"
"1420","lun"
"1421","mar"
"1422","merc"
"1423","giov"
"1424","ven"
"1425","sab"
"1426","dom"
"1427","lun"
"1428","mar"
"1429","merc"
"1430","giov"
"1431","ven"
"1432","sab"
"1433","dom"
"1434","lun"
"1435","mar"
"1436","merc"
"1437","giov"
"1438","ven"
"1439","sab"
"1440","dom"
"1441","lun"
"1442","mar"
"1443","merc"
"1444","giov"
"1445","ven"
"1446","sab"
"1447","dom"
"1448","lun"
"1449","mar"
"1450","merc"
"1451","giov"
"1452","ven"
"1453","sab"
"1454","dom"
"1455","lun"
"1456","mar"
"1457","merc"
"1458","giov"
"1459","ven"
"1460","sab"
